iso,capitulo_ncm,ano,exp,imp
CHN,12,2025,34756442214,42886358
CHN,26,2025,20998184812,3017613
CHN,27,2025,20548301154,115434750
CHN,85,2025,89428032,15188898596
CHN,84,2025,193097571,12388933988
CHN,02,2025,9813854433,0
CHN,87,2025,10374022,6327584672
CHN,29,2025,114462641,5752781614
CHN,47,2025,4919951867,9471693
CHN,72,2025,1660680996,2561674691
CHN,38,2025,39362538,2953941960
CHN,31,2025,625600,2908208954
CHN,ZZ,2025,6795478830,22662723525
USA,27,2025,6449450342,10712433358
USA,84,2025,3328113633,11947300010
USA,72,2025,5406005928,124816310
USA,88,2025,3050637250,2218758200
USA,85,2025,1555855235,1918728055
USA,39,2025,252610456,2652438109
USA,30,2025,127242144,2651996239
USA,90,2025,386032924,2030134120
USA,29,2025,281519047,1899070561
USA,09,2025,1944338008,4133601
USA,28,2025,943042911,1000733102
USA,38,2025,74906479,1834346591
USA,ZZ,2025,13882492557,6147053426
ARG,87,2025,7833299676,5529480405
ARG,84,2025,1886425370,541052759
ARG,10,2025,13223503,1524804384
ARG,39,2025,750487029,565869075
ARG,27,2025,442913227,684032083
ARG,85,2025,760799520,96323536
ARG,72,2025,736399848,20547262
ARG,04,2025,11016319,624076075
ARG,38,2025,341792571,230404100
ARG,76,2025,207958714,357455556
ARG,40,2025,397323453,104641803
ARG,48,2025,413443111,14427835
ARG,ZZ,2025,4310220942,2641493124
DEU,84,2025,499115773,3580455972
DEU,09,2025,2339815039,2809729
DEU,30,2025,10345939,2112196691
DEU,87,2025,79295093,1447874006
DEU,85,2025,138789278,1166952837
DEU,29,2025,59499710,1215537359
DEU,90,2025,43423372,1056684559
DEU,26,2025,974699085,646736
DEU,39,2025,38545055,643354783
DEU,23,2025,635658888,41472767
DEU,38,2025,8703041,571185235
DEU,73,2025,34801367,403772663
DEU,ZZ,2025,1661532990,2160093755
IND,27,2025,2005058270,1146147360
IND,29,2025,55888067,2002063820
IND,17,2025,1076640999,378477
IND,84,2025,110761336,957588118
IND,15,2025,991837478,21525816
IND,30,2025,24342250,663033829
IND,26,2025,667219516,27368
IND,38,2025,45213354,614757986
IND,87,2025,11208604,581194972
IND,52,2025,413995242,28572595
IND,72,2025,238398677,157259162
IND,85,2025,24260096,283283205
IND,ZZ,2025,1201056878,1884049793
NLD,27,2025,3476286116,541801922
NLD,23,2025,774263120,43871634
NLD,72,2025,799019346,2352053
NLD,02,2025,796166549,0
NLD,26,2025,723384938,15873550
NLD,20,2025,652987415,80414997
NLD,47,2025,659545497,342
NLD,09,2025,626003949,21406
NLD,08,2025,568741735,0
NLD,84,2025,76208126,420061436
NLD,12,2025,431458857,3927120
NLD,29,2025,171933999,69077318
NLD,ZZ,2025,1970736401,1193943820
MEX,87,2025,1348431458,1756588778
MEX,84,2025,950257422,1150495312
MEX,02,2025,1495367399,0
MEX,85,2025,289123854,1013221543
MEX,90,2025,61343668,583428039
MEX,12,2025,490348796,6943702
MEX,72,2025,377859553,3608280
MEX,40,2025,212044619,122119146
MEX,88,2025,203484810,118131347
MEX,09,2025,263536008,1733673
MEX,39,2025,115819783,118960795
MEX,44,2025,226640468,111395
MEX,ZZ,2025,1694609025,1339241732
ESP,27,2025,3346174000,486683542
ESP,12,2025,1607861822,5052467
ESP,26,2025,693031265,592357
ESP,23,2025,657499886,7571875
ESP,84,2025,98954509,498614327
ESP,30,2025,13525551,521692705
ESP,09,2025,481080184,4096561
ESP,29,2025,93062011,351075538
ESP,10,2025,256068563,174916
ESP,88,2025,176442773,47177188
ESP,08,2025,144670756,74071456
ESP,39,2025,55187786,159874424
ESP,ZZ,2025,1159689390,1663420906
ITA,84,2025,170954388,2366468924
ITA,09,2025,1348221118,7148920
ITA,30,2025,17377961,856914380
ITA,47,2025,802008470,13033
ITA,27,2025,751995152,19825017
ITA,87,2025,20039862,579715940
ITA,85,2025,61068561,439860048
ITA,02,2025,337015774,13682506
ITA,90,2025,32393601,254317252
ITA,29,2025,56618278,226473078
ITA,39,2025,32771638,248074419
ITA,72,2025,201713423,70834209
ITA,ZZ,2025,1529512303,1970249843
CHL,74,2025,12621700,2118628548
CHL,27,2025,1892910565,5700987
CHL,02,2025,1263576602,14585075
CHL,87,2025,1162198484,36234734
CHL,03,2025,232052,852764816
CHL,84,2025,462768854,44493403
CHL,39,2025,293134971,61705774
CHL,08,2025,11898632,275963544
CHL,85,2025,277198969,10177951
CHL,26,2025,510029,256308029
CHL,22,2025,13017979,213584301
CHL,48,2025,188485269,27090312
CHL,ZZ,2025,1597673011,710738761
JPN,84,2025,81387642,1444783901
JPN,87,2025,14514517,1421727242
JPN,02,2025,1234081161,464052
JPN,09,2025,1034605340,285516
JPN,26,2025,961245708,1224
JPN,85,2025,83175464,816974126
JPN,90,2025,3918049,538126854
JPN,72,2025,294043481,164806755
JPN,76,2025,435956508,10867214
JPN,29,2025,69139209,300175113
JPN,30,2025,9247338,297107279
JPN,12,2025,269713220,2136100
JPN,ZZ,2025,997827034,1053959725
RUS,27,2025,1181595,5058473221
RUS,31,2025,54705,4002993065
RUS,02,2025,585460204,0
RUS,09,2025,460416577,0
RUS,12,2025,181823420,0
RUS,28,2025,11263026,85153569
RUS,21,2025,78679559,3982695
RUS,24,2025,78638727,0
RUS,84,2025,22365109,32119325
RUS,29,2025,18708602,27431024
RUS,72,2025,2455,43882082
RUS,25,2025,181166,40539006
RUS,ZZ,2025,83900599,114455164
KOR,27,2025,1802938065,61157283
KOR,85,2025,14270447,1633475852
KOR,84,2025,10767502,814791286
KOR,72,2025,254905804,531710784
KOR,26,2025,746183690,0
KOR,87,2025,4601406,521096419
KOR,23,2025,504278873,0
KOR,39,2025,4371985,457402713
KOR,02,2025,434730004,0
KOR,22,2025,401184536,1603539
KOR,09,2025,357511433,147603
KOR,90,2025,5173883,269616013
KOR,ZZ,2025,926133920,1008023531
SGP,27,2025,4653839244,411108
SGP,89,2025,47769,2493596377
SGP,84,2025,1394417956,232098098
SGP,02,2025,627314658,0
SGP,85,2025,24249919,252213680
SGP,72,2025,198985057,3762190
SGP,26,2025,132124242,0
SGP,90,2025,22404375,94856876
SGP,73,2025,100896523,14370289
SGP,39,2025,10192523,57568571
SGP,38,2025,17137648,28619534
SGP,29,2025,6595606,28753465
SGP,ZZ,2025,164891042,96644066
CAN,71,2025,3254326452,792494
CAN,31,2025,22496,1590144704
CAN,28,2025,1541622765,7324765
CAN,84,2025,252326101,620811578
CAN,17,2025,512325999,348266
CAN,88,2025,225623111,152419943
CAN,09,2025,337405762,108274
CAN,26,2025,193771350,6001
CAN,85,2025,101103434,88725925
CAN,39,2025,8842083,117095087
CAN,30,2025,15472865,110160019
CAN,02,2025,120052810,254353
CAN,ZZ,2025,688975642,451389678
FRA,84,2025,218605437,3026293461
FRA,27,2025,648159853,33275662
FRA,23,2025,640946532,17623072
FRA,88,2025,103037266,451453043
FRA,30,2025,60529682,487153957
FRA,85,2025,74005437,390788608
FRA,09,2025,379026461,20119117
FRA,90,2025,18686934,317033113
FRA,39,2025,15278035,305417674
FRA,29,2025,7558036,310448120
FRA,87,2025,39354800,263000770
FRA,38,2025,13610553,280533787
FRA,ZZ,2025,878440029,1297944197
GBR,71,2025,958462450,1364668
GBR,27,2025,340442135,558067017
GBR,84,2025,117558116,700090803
GBR,02,2025,382395436,0
GBR,09,2025,353389306,1130608
GBR,30,2025,15713872,262935349
GBR,85,2025,48983289,206376928
GBR,16,2025,247525260,0
GBR,90,2025,12587075,225299344
GBR,22,2025,1390379,226186319
GBR,12,2025,222280426,114010
GBR,29,2025,2712660,219392672
GBR,ZZ,2025,1323311709,1395687294
VNM,85,2025,14959028,1654729284
VNM,10,2025,1089949253,1937109
VNM,52,2025,692946824,130091
VNM,12,2025,535965000,266599
VNM,84,2025,18971180,435909826
VNM,40,2025,2196594,398611606
VNM,23,2025,380966351,264931
VNM,64,2025,976282,288141159
VNM,09,2025,217861842,35594823
VNM,02,2025,187814700,0
VNM,03,2025,584262,168100155
VNM,24,2025,148682407,1960200
VNM,ZZ,2025,469175481,684214909
PRY,27,2025,66243120,900340135
PRY,10,2025,83872416,699720919
PRY,84,2025,571477762,5779124
PRY,85,2025,232321818,293518896
PRY,87,2025,395899538,3424114
PRY,12,2025,19439097,339031404
PRY,39,2025,239882639,57090670
PRY,22,2025,169429795,51177701
PRY,38,2025,146480349,63865024
PRY,76,2025,84949932,123172000
PRY,02,2025,58144939,130272907
PRY,15,2025,20980454,162296601
PRY,ZZ,2025,1923473424,574997631
SAU,27,2025,17403501,2226771610
SAU,02,2025,1276895901,0
SAU,17,2025,763903964,18567
SAU,31,2025,233741,659853794
SAU,10,2025,453456020,0
SAU,39,2025,11398767,245918527
SAU,29,2025,1302314,155403356
SAU,25,2025,131664,88544626
SAU,09,2025,79308673,0
SAU,47,2025,58816554,0
SAU,44,2025,55511856,213
SAU,12,2025,44550460,0
SAU,ZZ,2025,353063234,42910282
IDN,23,2025,1341879668,1731625
IDN,27,2025,744148477,156789733
IDN,17,2025,798258669,1666267
IDN,15,2025,894836,713699548
IDN,52,2025,292572910,3121075
IDN,24,2025,280426226,14918799
IDN,85,2025,28665418,242949789
IDN,40,2025,21963126,190159519
IDN,87,2025,20786749,188893045
IDN,84,2025,17918955,190974059
IDN,02,2025,153854812,0
IDN,64,2025,9225930,142356569
IDN,ZZ,2025,420935787,542324323
BEL,09,2025,988673925,179699
BEL,20,2025,852087877,94299383
BEL,24,2025,733421283,13465
BEL,30,2025,19647192,610708034
BEL,71,2025,83056670,271681787
BEL,39,2025,154893781,179903478
BEL,84,2025,83293348,149400811
BEL,38,2025,3253393,183980713
BEL,72,2025,144559091,37473170
BEL,29,2025,23058853,122179262
BEL,88,2025,64262154,72170035
BEL,47,2025,135405962,177997
BEL,ZZ,2025,752424881,475268301
THA,12,2025,1394154962,17379322
THA,23,2025,1009976013,10065335
THA,87,2025,1471790,581158840
THA,84,2025,46561286,527958622
THA,85,2025,7779485,459935074
THA,40,2025,25299655,364195368
THA,27,2025,319622036,2720299
THA,90,2025,2676272,146370009
THA,39,2025,27550932,90459343
THA,73,2025,2132806,90209788
THA,74,2025,50047628,245748
THA,47,2025,43563477,160363
THA,ZZ,2025,206087269,261385909
TUR,12,2025,769503413,322609
TUR,52,2025,690377615,4037493
TUR,09,2025,600456138,1590150
TUR,84,2025,90931264,438858428
TUR,26,2025,382479148,0
TUR,01,2025,335436582,0
TUR,47,2025,213051181,0
TUR,02,2025,206854593,0
TUR,87,2025,13958495,152121340
TUR,27,2025,154132999,7562869
TUR,72,2025,105037221,53122504
TUR,28,2025,2608890,133391974
TUR,ZZ,2025,580632052,627224889
URY,87,2025,605557582,354237493
URY,27,2025,542417333,12838948
URY,02,2025,347448015,88442455
URY,39,2025,131142619,217379548
URY,10,2025,2573150,298287256
URY,26,2025,284948436,0
URY,04,2025,11166990,253716072
URY,11,2025,1651722,226523855
URY,84,2025,190944398,4818646
URY,15,2025,24417654,125761033
URY,21,2025,38579807,103562987
URY,94,2025,103214951,17087995
URY,ZZ,2025,1252477110,289559629
COL,87,2025,916530918,1824865
COL,27,2025,58521542,788967362
COL,39,2025,186422029,593510703
COL,84,2025,326536754,18593526
COL,38,2025,99739921,209076391
COL,09,2025,217369469,429334
COL,85,2025,151888761,5141806
COL,48,2025,104287901,27165510
COL,40,2025,98661629,11858601
COL,15,2025,11719453,89462198
COL,21,2025,97915251,744841
COL,33,2025,86965361,10055424
COL,ZZ,2025,1077544271,198391221
CHE,71,2025,1566382109,10126937
CHE,30,2025,4316152,1107493064
CHE,29,2025,5952287,915058792
CHE,84,2025,12862569,312081713
CHE,90,2025,45384532,190377307
CHE,85,2025,9920813,82909475
CHE,91,2025,1080200,81161786
CHE,24,2025,77580741,2886485
CHE,09,2025,25920217,47698214
CHE,88,2025,548698,60441545
CHE,39,2025,11509917,45239224
CHE,26,2025,46311938,0
CHE,ZZ,2025,215309878,320206116
EGY,10,2025,1550608087,0
EGY,17,2025,584377745,607159
EGY,02,2025,447693859,0
EGY,31,2025,0,417989453
EGY,26,2025,399748083,0
EGY,39,2025,2392137,262757442
EGY,72,2025,91355,194428168
EGY,52,2025,152499185,8339915
EGY,01,2025,130629107,0
EGY,27,2025,413648,105014119
EGY,08,2025,13752842,63898934
EGY,47,2025,77140068,0
EGY,ZZ,2025,366673356,336888776
MYS,26,2025,1669697535,37312
MYS,17,2025,626817175,4155
MYS,27,2025,564395114,24385437
MYS,85,2025,7075809,572330308
MYS,84,2025,19203588,277650043
MYS,15,2025,4490014,175905929
MYS,10,2025,132444598,0
MYS,09,2025,115099505,32958
MYS,40,2025,13878785,89473611
MYS,90,2025,2230304,101001056
MYS,52,2025,95923027,0
MYS,02,2025,76020887,0
MYS,ZZ,2025,204565298,333780703
PER,87,2025,826572044,39314
PER,27,2025,338456972,120326823
PER,74,2025,7157180,449403765
PER,84,2025,388684333,18529417
PER,72,2025,218365511,8565577
PER,39,2025,141840338,20118043
PER,02,2025,145303959,0
PER,48,2025,128514310,45394
PER,25,2025,1937511,111014008
PER,85,2025,90072978,1227336
PER,61,2025,745659,89469985
PER,71,2025,2593617,79153044
PER,ZZ,2025,891444263,487703684
PRT,27,2025,2277261681,21247505
PRT,88,2025,213742446,226509929
PRT,15,2025,1328778,420886089
PRT,08,2025,49265431,56912304
PRT,12,2025,105716911,2961
PRT,84,2025,20535579,74624548
PRT,22,2025,2198981,85831028
PRT,44,2025,82440908,494471
PRT,17,2025,82712391,83948
PRT,03,2025,192607,71439131
PRT,85,2025,19932548,37762275
PRT,09,2025,54757481,2857108
PRT,ZZ,2025,387519803,250828210
ARE,02,2025,1245490927,0
ARE,17,2025,727572327,188349
ARE,27,2025,114322827,386005654
ARE,71,2025,406018091,26520
ARE,84,2025,144484422,32732595
ARE,47,2025,165085588,0
ARE,09,2025,145836383,110984
ARE,24,2025,139351657,138503
ARE,26,2025,111344593,502100
ARE,25,2025,1954218,77665454
ARE,73,2025,53684866,11373933
ARE,21,2025,54466984,41339
ARE,ZZ,2025,455065706,119405391
TWN,85,2025,4329412,1347732866
TWN,84,2025,9275793,442083074
TWN,12,2025,354483917,1727721
TWN,26,2025,223780263,21720
TWN,10,2025,162021784,2382
TWN,39,2025,2857615,144430987
TWN,27,2025,135772131,14299
TWN,29,2025,1725205,117058618
TWN,47,2025,114453316,0
TWN,09,2025,92802233,17363
TWN,87,2025,2091061,73431735
TWN,86,2025,56095930,6861
TWN,ZZ,2025,141277971,397602214
DZA,27,2025,16344,950305394
DZA,17,2025,874584897,0
DZA,10,2025,307037596,0
DZA,02,2025,304251658,0
DZA,12,2025,303499061,11196
DZA,31,2025,0,275682394
DZA,26,2025,230975796,0
DZA,15,2025,109941363,0
DZA,09,2025,59703349,0
DZA,84,2025,53291194,0
DZA,01,2025,30672440,0
DZA,25,2025,236654,16188368
DZA,ZZ,2025,57296872,20004580
SWE,84,2025,72255048,729736860
SWE,87,2025,12268172,518203790
SWE,26,2025,340968949,727
SWE,09,2025,288719194,0
SWE,30,2025,39813,214373797
SWE,85,2025,41660644,169204119
SWE,88,2025,6842521,130571153
SWE,72,2025,38070175,97937680
SWE,90,2025,5681633,104630943
SWE,73,2025,1003500,90057065
SWE,39,2025,647214,56049597
SWE,48,2025,710144,45219015
SWE,ZZ,2025,93810418,297556394
IRN,10,2025,1984469984,1841
IRN,12,2025,563642081,0
IRN,17,2025,189113156,953
IRN,23,2025,182194558,0
IRN,31,2025,0,66833818
IRN,08,2025,886,9648575
IRN,70,2025,0,2743839
IRN,29,2025,174091,2543748
IRN,20,2025,826,2120561
IRN,30,2025,24711,275600
IRN,90,2025,267442,0
IRN,27,2025,256334,0
IRN,ZZ,2025,664377,425220
BGD,17,2025,874994547,0
BGD,52,2025,816752869,77903
BGD,10,2025,380715697,0
BGD,23,2025,215578485,0
BGD,12,2025,211946405,0
BGD,15,2025,137199579,0
BGD,61,2025,0,126263689
BGD,62,2025,0,114081170
BGD,72,2025,33993858,0
BGD,47,2025,9471497,0
BGD,53,2025,332151,8133618
BGD,41,2025,6003047,40604
BGD,ZZ,2025,22990032,17804612
MAR,31,2025,0,1157232767
MAR,17,2025,592817650,7520
MAR,10,2025,372528139,0
MAR,01,2025,218955534,0
MAR,28,2025,1394868,133131519
MAR,09,2025,56973379,26030
MAR,85,2025,13270130,24277496
MAR,62,2025,180,37409413
MAR,02,2025,26877071,0
MAR,44,2025,21373132,0
MAR,87,2025,8673507,8508629
MAR,25,2025,252924,12736344
MAR,ZZ,2025,52456830,56570396
PHL,02,2025,1585798446,0
PHL,26,2025,415347892,0
PHL,10,2025,147528598,0
PHL,85,2025,16749647,121863506
PHL,84,2025,6467896,128409158
PHL,22,2025,35833914,0
PHL,29,2025,35013023,568130
PHL,90,2025,3389959,24825936
PHL,24,2025,20287240,0
PHL,87,2025,12253312,4379155
PHL,64,2025,12268963,2047003
PHL,08,2025,6772,10544626
PHL,ZZ,2025,70756727,38282202
POL,23,2025,581561357,1313267
POL,26,2025,500231107,312
POL,84,2025,21397257,219770936
POL,87,2025,12158547,131576791
POL,30,2025,604944,129271315
POL,85,2025,10283287,117316267
POL,72,2025,118270168,1015658
POL,24,2025,96580976,37197
POL,40,2025,2525791,64656369
POL,21,2025,56905866,4419253
POL,90,2025,5218907,52271599
POL,09,2025,42665484,1309486
POL,ZZ,2025,103297753,313063634
BOL,27,2025,34951134,1021622233
BOL,84,2025,181575442,683771
BOL,31,2025,12698609,120995944
BOL,39,2025,112586889,1690971
BOL,85,2025,82068237,10163
BOL,21,2025,81362080,0
BOL,72,2025,71369090,923388
BOL,87,2025,68789693,215684
BOL,48,2025,62239066,0
BOL,22,2025,56349473,29040
BOL,25,2025,2796800,50036566
BOL,76,2025,31844562,10935079
BOL,ZZ,2025,513141643,56892714
NGA,27,2025,113333891,596558496
NGA,31,2025,245000,709632615
NGA,17,2025,669454908,0
NGA,12,2025,40029300,1436751
NGA,41,2025,37109484,1472849
NGA,10,2025,27476075,0
NGA,22,2025,23184562,0
NGA,24,2025,13959525,0
NGA,25,2025,11795628,1044
NGA,84,2025,10710102,3094
NGA,16,2025,10337533,0
NGA,39,2025,8938822,226919
NGA,ZZ,2025,53040420,21332814
NOR,28,2025,1019269779,4405093
NOR,84,2025,163039104,94575089
NOR,31,2025,0,229517109
NOR,90,2025,6633963,115939861
NOR,03,2025,430098,106003042
NOR,09,2025,104077139,0
NOR,27,2025,92122629,9072533
NOR,85,2025,24180767,41986418
NOR,12,2025,44618028,328431
NOR,39,2025,1382953,42106218
NOR,75,2025,96564,39459208
NOR,73,2025,11666818,19624926
NOR,ZZ,2025,68705007,103931377
HKG,02,2025,698509012,0
HKG,05,2025,377147795,0
HKG,85,2025,38594111,318961043
HKG,84,2025,9399980,135407553
HKG,27,2025,134216000,1720775
HKG,91,2025,55355,60478700
HKG,39,2025,1653495,39376713
HKG,03,2025,31778681,2993
HKG,72,2025,12583377,15839544
HKG,90,2025,1088658,24555476
HKG,73,2025,357671,24773322
HKG,24,2025,24757902,473
HKG,ZZ,2025,93870425,272236568
ZAF,71,2025,1224553,434378141
ZAF,27,2025,212910178,41996153
ZAF,02,2025,250887639,0
ZAF,87,2025,189743260,43263135
ZAF,84,2025,113046872,44905298
ZAF,17,2025,126394412,1006872
ZAF,85,2025,69594308,8402841
ZAF,79,2025,73464344,0
ZAF,09,2025,54433775,31933
ZAF,28,2025,25573001,23804530
ZAF,48,2025,41235955,62024
ZAF,26,2025,215801,37213575
ZAF,ZZ,2025,308569814,169774742
DNK,30,2025,86382202,831089684
DNK,23,2025,291774514,1955741
DNK,84,2025,6394529,158012334
DNK,35,2025,10896547,138484722
DNK,38,2025,46508,122802423
DNK,83,2025,35903501,62088353
DNK,90,2025,1240976,91532547
DNK,44,2025,58258044,46139
DNK,29,2025,32921,55949842
DNK,09,2025,45315155,0
DNK,39,2025,2800091,34579621
DNK,85,2025,3213504,33757398
DNK,ZZ,2025,61592138,82432189
OMN,26,2025,883616766,0
OMN,31,2025,0,452939913
OMN,27,2025,28687319,301331890
OMN,02,2025,179900856,0
OMN,17,2025,57789783,0
OMN,39,2025,35999,20130384
OMN,10,2025,11420204,0
OMN,29,2025,149,10000526
OMN,84,2025,6272594,18
OMN,23,2025,5557907,0
OMN,25,2025,69562,4792607
OMN,09,2025,4794599,0
OMN,ZZ,2025,21006738,4280678
ISR,31,2025,26826,499030179
ISR,02,2025,236196293,0
ISR,39,2025,4676518,110748576
ISR,84,2025,6901867,107662538
ISR,38,2025,354145,104383986
ISR,90,2025,4789930,84339265
ISR,12,2025,82287221,1596016
ISR,85,2025,10872001,69363628
ISR,28,2025,1323722,60102357
ISR,88,2025,152399,57417340
ISR,09,2025,49217760,0
ISR,56,2025,318221,48548773
ISR,ZZ,2025,171530327,202305585
AUS,27,2025,159444,770606355
AUS,09,2025,188712832,0
AUS,84,2025,159014875,24381786
AUS,90,2025,4391946,78377349
AUS,85,2025,39313178,34462023
AUS,87,2025,48402790,2256955
AUS,30,2025,37413609,10731362
AUS,86,2025,37557415,5634850
AUS,20,2025,29526930,0
AUS,47,2025,25077103,0
AUS,26,2025,16425578,8560446
AUS,35,2025,22101522,334618
AUS,ZZ,2025,169323413,102875085
IRL,30,2025,353879,967823506
IRL,88,2025,241382013,466203
IRL,90,2025,1872004,158250458
IRL,84,2025,11446510,75765109
IRL,26,2025,49517780,0
IRL,33,2025,2612761,42189163
IRL,38,2025,365651,36833382
IRL,10,2025,37146977,0
IRL,16,2025,31301382,0
IRL,09,2025,25881565,0
IRL,85,2025,2161791,19311675
IRL,02,2025,12577179,0
IRL,ZZ,2025,36201333,53340401
PAK,52,2025,783258904,19609726
PAK,12,2025,596761519,44548
PAK,09,2025,33447499,40341
PAK,61,2025,0,30718819
PAK,40,2025,791695,27795356
PAK,07,2025,23111625,0
PAK,62,2025,0,22345442
PAK,47,2025,19781860,0
PAK,72,2025,19151303,6336
PAK,63,2025,16205,16814517
PAK,15,2025,15150137,0
PAK,84,2025,13764884,206663
PAK,ZZ,2025,59884957,54125761
AUT,30,2025,563746,417589989
AUT,84,2025,17729570,262709865
AUT,22,2025,3497,201206110
AUT,85,2025,10005909,76971089
AUT,72,2025,3256730,66934250
AUT,88,2025,2805186,66376991
AUT,90,2025,5544443,54897859
AUT,26,2025,58141949,92699
AUT,39,2025,949100,55455304
AUT,38,2025,70758,40395345
AUT,87,2025,73892,38656297
AUT,23,2025,763054,34114920
AUT,ZZ,2025,39282021,227965962
PAN,27,2025,1224831027,0
PAN,84,2025,81585569,904356
PAN,30,2025,38747671,19799
PAN,87,2025,31794555,30231
PAN,33,2025,15679394,208872
PAN,85,2025,14108817,1550648
PAN,40,2025,13291550,337598
PAN,94,2025,13379815,8184
PAN,10,2025,13019737,0
PAN,09,2025,10986847,0
PAN,69,2025,9998947,5919
PAN,76,2025,679962,9106983
PAN,ZZ,2025,119117028,4187084
FIN,84,2025,13116995,560046558
FIN,26,2025,251210495,0
FIN,09,2025,140490541,0
FIN,30,2025,48526,95126424
FIN,72,2025,73763869,13024992
FIN,48,2025,215421,57283263
FIN,85,2025,7351335,47008776
FIN,31,2025,0,50662867
FIN,90,2025,308725,37311634
FIN,87,2025,312869,33918160
FIN,39,2025,123195,20214759
FIN,35,2025,0,17993964
FIN,ZZ,2025,17808696,95965781
IRQ,17,2025,374338825,0
IRQ,02,2025,324250876,0
IRQ,12,2025,262913154,0
IRQ,01,2025,170585826,0
IRQ,10,2025,166620147,0
IRQ,73,2025,113677455,0
IRQ,24,2025,24694504,0
IRQ,23,2025,17995379,0
IRQ,84,2025,12423657,0
IRQ,16,2025,5645731,0
IRQ,27,2025,0,2713594
IRQ,21,2025,1936827,0
IRQ,ZZ,2025,9581702,0
ECU,84,2025,144931045,473482
ECU,87,2025,124069647,890
ECU,48,2025,102450624,69
ECU,39,2025,72357766,10295332
ECU,85,2025,58093645,1486077
ECU,10,2025,47644934,0
ECU,64,2025,42709051,278041
ECU,09,2025,39602411,38052
ECU,30,2025,31662907,3628142
ECU,72,2025,34040626,0
ECU,38,2025,26422702,124426
ECU,78,2025,4249,25216707
ECU,ZZ,2025,373114366,73287740
VEN,31,2025,311678,155796444
VEN,17,2025,148119412,0
VEN,10,2025,138009764,0
VEN,76,2025,9281013,97862426
VEN,87,2025,65520090,67437
VEN,19,2025,63727412,524436
VEN,84,2025,56961141,178
VEN,21,2025,56763934,175605
VEN,29,2025,3279031,51363272
VEN,15,2025,43537245,0
VEN,27,2025,6519523,24955728
VEN,39,2025,23391628,340960
VEN,ZZ,2025,222471467,18055374
AGO,27,2025,10111859,446767709
AGO,02,2025,191287010,0
AGO,17,2025,126889879,0
AGO,73,2025,83942340,81817
AGO,84,2025,33953715,2
AGO,87,2025,27132902,0
AGO,16,2025,19764944,0
AGO,64,2025,13704768,0
AGO,39,2025,10340832,29547
AGO,85,2025,9210714,1138
AGO,10,2025,5905388,0
AGO,22,2025,3986693,0
AGO,ZZ,2025,56288984,203402
PRI,30,2025,113328896,636178654
PRI,90,2025,1705509,67127767
PRI,02,2025,37975118,0
PRI,44,2025,23795390,0
PRI,94,2025,22507894,0
PRI,27,2025,21237569,0
PRI,29,2025,14812376,3084575
PRI,85,2025,6091158,4942963
PRI,10,2025,9702294,0
PRI,38,2025,107922,8675052
PRI,84,2025,4758107,3648010
PRI,16,2025,8365350,0
PRI,ZZ,2025,40242054,3849249
GUY,27,2025,1348425,557926443
GUY,84,2025,227771736,155264
GUY,73,2025,121832446,8351
GUY,02,2025,17415258,0
GUY,23,2025,9860444,0
GUY,85,2025,9432781,7875
GUY,16,2025,7827817,0
GUY,44,2025,4963454,0
GUY,69,2025,4596819,0
GUY,15,2025,3265080,0
GUY,87,2025,3228397,0
GUY,39,2025,3186565,0
GUY,ZZ,2025,34937067,846804
QAT,31,2025,0,403621725
QAT,02,2025,215329611,0
QAT,27,2025,56333703,84841270
QAT,25,2025,7383,71367628
QAT,26,2025,44471978,0
QAT,73,2025,21119928,7973
QAT,76,2025,163827,12527647
QAT,28,2025,200242,10251435
QAT,44,2025,9522256,0
QAT,29,2025,93941,6238950
QAT,21,2025,3997536,0
QAT,87,2025,3656964,4482
QAT,ZZ,2025,18529143,3018538
CZE,84,2025,14856681,204441141
CZE,85,2025,12746957,109800248
CZE,90,2025,6516249,91451918
CZE,87,2025,469732,63525515
CZE,73,2025,1415813,42533175
CZE,88,2025,1442760,37633026
CZE,40,2025,827287,33240267
CZE,83,2025,115555,33820971
CZE,39,2025,843584,31596993
CZE,94,2025,3812679,15404045
CZE,11,2025,0,18662038
CZE,70,2025,24140,17364001
CZE,ZZ,2025,22355054,93753529
CIV,18,2025,0,372895891
CIV,27,2025,162723,165491401
CIV,17,2025,111316578,0
CIV,40,2025,3270117,55380941
CIV,02,2025,46734879,0
CIV,12,2025,10761021,0
CIV,22,2025,8126356,0
CIV,08,2025,0,6930030
CIV,84,2025,6647501,456
CIV,87,2025,5357647,0
CIV,10,2025,4051604,0
CIV,29,2025,3991061,0
CIV,ZZ,2025,24446643,2775499
DOM,10,2025,198220929,0
DOM,72,2025,117158442,0
DOM,44,2025,60855194,6473
DOM,84,2025,50687542,670035
DOM,87,2025,42872023,61750
DOM,02,2025,37378212,0
DOM,09,2025,31281884,0
DOM,48,2025,27964039,418505
DOM,90,2025,3846271,23250008
DOM,85,2025,16309648,4793749
DOM,30,2025,3648424,14237800
DOM,69,2025,15085955,0
DOM,ZZ,2025,157039057,6731111
TTO,29,2025,116233,272101712
TTO,26,2025,215069353,0
TTO,28,2025,42915,151296003
TTO,27,2025,57387,47542277
TTO,31,2025,0,30516598
TTO,72,2025,11249231,0
TTO,48,2025,10743190,0
TTO,17,2025,7975818,0
TTO,44,2025,7614175,0
TTO,16,2025,7390146,0
TTO,21,2025,5461535,0
TTO,10,2025,4218070,0
TTO,ZZ,2025,40012157,954105
BGR,26,2025,545894179,0
BGR,27,2025,60808006,0
BGR,84,2025,749632,23933994
BGR,85,2025,301997,21514832
BGR,17,2025,15816457,1333
BGR,24,2025,11396312,0
BGR,23,2025,388410,10869705
BGR,90,2025,42342,8905288
BGR,28,2025,1700,6499979
BGR,21,2025,5688776,2112
BGR,48,2025,4526756,121582
BGR,79,2025,4349471,12
BGR,ZZ,2025,6634345,34679729
HUN,84,2025,9888849,137974466
HUN,88,2025,144920371,44930
HUN,87,2025,8036956,88495187
HUN,85,2025,4905949,85714060
HUN,29,2025,0,56459461
HUN,90,2025,3355983,36430640
HUN,30,2025,28266,27288422
HUN,39,2025,126724,19580834
HUN,40,2025,90940,18149308
HUN,23,2025,0,13389685
HUN,41,2025,11688295,0
HUN,38,2025,234433,9257419
HUN,ZZ,2025,13252636,34488337
ROU,84,2025,8292429,117751745
ROU,87,2025,852837,94379088
ROU,23,2025,91213059,0
ROU,85,2025,4472186,73788963
ROU,90,2025,6368095,48659064
ROU,12,2025,37866664,0
ROU,86,2025,36946825,0
ROU,27,2025,29522747,54
ROU,40,2025,7039377,21402552
ROU,09,2025,25832486,0
ROU,24,2025,17307343,328
ROU,72,2025,87628,11078854
ROU,ZZ,2025,25599900,55832441
GTM,84,2025,99062640,4752
GTM,10,2025,92127629,0
GTM,87,2025,65986613,0
GTM,76,2025,1316826,46635973
GTM,38,2025,8350770,36634554
GTM,12,2025,39459828,1015312
GTM,85,2025,32585087,16562
GTM,30,2025,23380172,2157
GTM,72,2025,23091819,0
GTM,40,2025,5165925,12628280
GTM,21,2025,16421314,0
GTM,94,2025,15179625,14951
GTM,ZZ,2025,146632905,16666521
GHA,02,2025,147813666,0
GHA,27,2025,1877212,140781800
GHA,18,2025,324263,131184783
GHA,17,2025,108183573,0
GHA,16,2025,47953200,0
GHA,22,2025,34946612,0
GHA,48,2025,9051413,0
GHA,08,2025,5441308,625257
GHA,87,2025,5627879,0
GHA,84,2025,5439833,0
GHA,40,2025,5254778,80937
GHA,55,2025,0,4451261
GHA,ZZ,2025,23991061,2658212
JOR,02,2025,227373338,0
JOR,10,2025,115801464,0
JOR,31,2025,0,75967326
JOR,09,2025,72583492,0
JOR,88,2025,38005485,0
JOR,12,2025,25031279,0
JOR,47,2025,20575681,0
JOR,01,2025,13204859,0
JOR,24,2025,10950025,0
JOR,16,2025,3055183,0
JOR,61,2025,11335,2385706
JOR,21,2025,2345226,0
JOR,ZZ,2025,18637497,1871536
CRI,90,2025,18005943,85479610
CRI,10,2025,77116253,0
CRI,85,2025,21115716,41636012
CRI,87,2025,55977024,10573
CRI,84,2025,53346080,1290838
CRI,72,2025,39286748,0
CRI,88,2025,19066221,0
CRI,40,2025,8358974,8786333
CRI,30,2025,5101801,10749665
CRI,39,2025,14326992,1343572
CRI,94,2025,9921249,5336
CRI,73,2025,8506451,1409064
CRI,ZZ,2025,103181066,8430955
GRC,09,2025,253813547,32193
GRC,24,2025,73489627,179725
GRC,12,2025,59434033,0
GRC,27,2025,36416588,6486747
GRC,08,2025,512672,30402278
GRC,26,2025,17597597,0
GRC,82,2025,625250,9575425
GRC,84,2025,6047645,3586550
GRC,74,2025,9329582,1983
GRC,23,2025,8151737,0
GRC,48,2025,6587258,1969
GRC,38,2025,4653731,794749
GRC,ZZ,2025,33735355,28589663
LBY,02,2025,250030906,0
LBY,26,2025,216120479,0
LBY,17,2025,69509825,0
LBY,09,2025,35030124,0
LBY,64,2025,3020678,0
LBY,24,2025,2457648,0
LBY,76,2025,29602,2360651
LBY,21,2025,1979779,0
LBY,84,2025,1190477,0
LBY,82,2025,930808,1784
LBY,08,2025,809296,0
LBY,16,2025,806653,0
LBY,ZZ,2025,5541789,0
SVN,23,2025,204787440,101582
SVN,09,2025,122958929,0
SVN,30,2025,360968,114379718
SVN,84,2025,803818,38982466
SVN,85,2025,1904896,17781031
SVN,72,2025,11902685,4546207
SVN,90,2025,77815,10164411
SVN,76,2025,77,9761589
SVN,87,2025,687248,7476032
SVN,40,2025,3698326,4197493
SVN,39,2025,13119,4498057
SVN,48,2025,595044,2997789
SVN,ZZ,2025,10293362,15566718
SVK,87,2025,516415,310131637
SVK,84,2025,3832730,90726052
SVK,85,2025,698898,35560323
SVK,90,2025,181638,14063281
SVK,41,2025,12624153,0
SVK,73,2025,44349,6944605
SVK,40,2025,785166,6029241
SVK,95,2025,479,4985798
SVK,09,2025,3300675,0
SVK,39,2025,51067,3214421
SVK,28,2025,0,2766512
SVK,72,2025,1502850,659021
SVK,ZZ,2025,1653994,11062249
LBR,27,2025,400188913,0
LBR,02,2025,44976642,0
LBR,16,2025,10523979,0
LBR,17,2025,7674936,0
LBR,22,2025,5271387,0
LBR,19,2025,3225006,0
LBR,85,2025,2702515,52302
LBR,03,2025,2432699,0
LBR,07,2025,2008797,0
LBR,04,2025,1477053,0
LBR,73,2025,1326570,196
LBR,08,2025,1235274,0
LBR,ZZ,2025,11014984,71263
LBN,02,2025,154775442,0
LBN,01,2025,89398665,0
LBN,09,2025,73866248,95650
LBN,17,2025,67354261,78898
LBN,31,2025,0,28208082
LBN,12,2025,27871921,2267
LBN,24,2025,12999447,0
LBN,10,2025,6614187,13121
LBN,47,2025,5324272,0
LBN,64,2025,3652031,1259
LBN,48,2025,3420068,7297
LBN,21,2025,2539329,118947
LBN,ZZ,2025,13890095,3485835
BHS,27,2025,156481835,213148960
BHS,02,2025,28908580,0
BHS,16,2025,2375012,0
BHS,44,2025,1196971,0
BHS,84,2025,1073475,404
BHS,69,2025,982664,0
BHS,32,2025,681902,0
BHS,03,2025,617802,0
BHS,07,2025,588813,0
BHS,04,2025,561729,0
BHS,85,2025,464383,0
BHS,22,2025,454285,0
BHS,ZZ,2025,4441973,926
COD,02,2025,101001613,0
COD,26,2025,0,95198440
COD,17,2025,90213868,0
COD,27,2025,16725,61908952
COD,16,2025,18479987,0
COD,11,2025,12616278,0
COD,84,2025,4408616,0
COD,22,2025,3892261,0
COD,87,2025,2704815,0
COD,73,2025,2664579,0
COD,93,2025,2337057,0
COD,29,2025,2166782,0
COD,ZZ,2025,9498113,2263106
GAB,27,2025,80780,297183730
GAB,02,2025,85930313,0
GAB,03,2025,9850043,0
GAB,01,2025,3811578,0
GAB,16,2025,3211332,0
GAB,84,2025,1693754,0
GAB,22,2025,1081662,0
GAB,40,2025,969731,0
GAB,20,2025,427472,0
GAB,15,2025,1283,343770
GAB,94,2025,241215,0
GAB,10,2025,158571,0
GAB,ZZ,2025,1041510,12843
KWT,02,2025,229885732,0
KWT,73,2025,79854112,2451
KWT,27,2025,0,44165645
KWT,10,2025,9284370,0
KWT,25,2025,9923,6972904
KWT,09,2025,5484900,0
KWT,16,2025,4059912,0
KWT,20,2025,3463962,0
KWT,44,2025,3076943,0
KWT,48,2025,1807048,0
KWT,64,2025,1664085,0
KWT,87,2025,1403174,0
KWT,ZZ,2025,11308668,258129
GEO,17,2025,248078267,0
GEO,02,2025,110442947,0
GEO,28,2025,13139958,0
GEO,24,2025,6241249,54
GEO,30,2025,45656,3796388
GEO,09,2025,1611828,0
GEO,61,2025,182,1384994
GEO,84,2025,622876,380751
GEO,21,2025,860823,0
GEO,68,2025,712528,90124
GEO,16,2025,772217,0
GEO,29,2025,379770,78431
GEO,ZZ,2025,2359943,373365
SEN,17,2025,180809873,0
SEN,10,2025,108115968,0
SEN,09,2025,38589784,0
SEN,04,2025,21395830,0
SEN,27,2025,3934456,4805861
SEN,19,2025,3293639,0
SEN,01,2025,2976004,0
SEN,26,2025,0,2525044
SEN,40,2025,2457920,1172
SEN,22,2025,1983087,0
SEN,02,2025,1810929,0
SEN,48,2025,1802287,0
SEN,ZZ,2025,11282962,293300
TUN,12,2025,114656841,0
TUN,10,2025,42386943,0
TUN,09,2025,35930638,0
TUN,15,2025,17570297,8454958
TUN,24,2025,19985937,0
TUN,84,2025,1775214,18047370
TUN,85,2025,631344,16889342
TUN,31,2025,0,16388204
TUN,87,2025,13987056,1781177
TUN,02,2025,11784254,0
TUN,41,2025,10906907,426459
TUN,93,2025,7700878,0
TUN,ZZ,2025,11856474,32401311
TGO,27,2025,217075836,0
TGO,17,2025,137206954,0
TGO,16,2025,2912126,0
TGO,02,2025,2651035,0
TGO,41,2025,2184607,0
TGO,22,2025,1946084,0
TGO,84,2025,654951,0
TGO,85,2025,600337,0
TGO,03,2025,591042,0
TGO,48,2025,531557,0
TGO,29,2025,515047,0
TGO,90,2025,403630,0
TGO,ZZ,2025,2049629,54238
YEM,17,2025,182659760,0
YEM,02,2025,119494195,0
YEM,10,2025,46834334,0
YEM,24,2025,4724155,0
YEM,19,2025,1034077,0
YEM,48,2025,647531,0
YEM,30,2025,308816,0
YEM,16,2025,296797,0
YEM,21,2025,251504,0
YEM,09,2025,176850,0
YEM,18,2025,169135,0
YEM,87,2025,108641,0
YEM,ZZ,2025,282388,11016
CUB,02,2025,80674052,0
CUB,16,2025,49016629,0
CUB,17,2025,32248954,0
CUB,15,2025,21953960,0
CUB,22,2025,19373853,269592
CUB,10,2025,12455496,0
CUB,19,2025,12110288,0
CUB,73,2025,8201626,0
CUB,07,2025,8183240,0
CUB,09,2025,7359587,0
CUB,04,2025,4701196,0
CUB,84,2025,3393879,0
CUB,ZZ,2025,23731014,2664090
GIN,17,2025,136314551,0
GIN,02,2025,85753881,0
GIN,16,2025,5512733,0
GIN,19,2025,3970900,0
GIN,22,2025,3603081,0
GIN,03,2025,1945146,0
GIN,48,2025,1751956,0
GIN,49,2025,1393213,0
GIN,11,2025,1170446,0
GIN,28,2025,788554,0
GIN,32,2025,539635,0
GIN,84,2025,519827,100
GIN,ZZ,2025,998241,568
ISL,28,2025,212916686,693089
ISL,84,2025,1264116,3784302
ISL,90,2025,284668,3595402
ISL,27,2025,2955658,0
ISL,03,2025,0,2752475
ISL,76,2025,51178,2174190
ISL,09,2025,1469988,0
ISL,15,2025,0,249639
ISL,73,2025,147701,2265
ISL,85,2025,72821,43400
ISL,72,2025,41682,72974
ISL,18,2025,43000,0
ISL,ZZ,2025,145297,29511
CMR,17,2025,129908541,0
CMR,22,2025,37235673,0
CMR,27,2025,134522,29747130
CMR,23,2025,9600724,0
CMR,18,2025,1386,6744641
CMR,40,2025,1548,2549481
CMR,87,2025,2371198,0
CMR,25,2025,2277077,0
CMR,02,2025,2006125,0
CMR,03,2025,1179359,0
CMR,29,2025,963189,0
CMR,11,2025,877169,0
CMR,ZZ,2025,1848227,397108
MRT,17,2025,193327849,0
MRT,02,2025,19172929,0
MRT,10,2025,3249400,0
MRT,19,2025,2917908,0
MRT,27,2025,1859156,0
MRT,84,2025,1034139,0
MRT,09,2025,600777,0
MRT,36,2025,533192,0
MRT,04,2025,377969,0
MRT,48,2025,336255,0
MRT,40,2025,335462,0
MRT,85,2025,205350,19334
MRT,ZZ,2025,876183,655
KAZ,31,2025,0,83654315
KAZ,25,2025,0,57258167
KAZ,27,2025,0,26029980
KAZ,17,2025,10204457,0
KAZ,02,2025,8003999,0
KAZ,28,2025,3607,7090078
KAZ,87,2025,6829832,0
KAZ,84,2025,4410997,53089
KAZ,85,2025,4002549,343248
KAZ,72,2025,8,2569463
KAZ,30,2025,2063642,0
KAZ,12,2025,1663729,15600
KAZ,ZZ,2025,7899727,143959
NZL,23,2025,33381677,0
NZL,09,2025,29273192,0
NZL,30,2025,5279106,14007038
NZL,84,2025,5971864,10471330
NZL,44,2025,14125113,223
NZL,08,2025,411857,11725048
NZL,85,2025,4681799,7082416
NZL,12,2025,3135722,6103240
NZL,17,2025,1651270,5863093
NZL,47,2025,7285202,0
NZL,20,2025,6254841,0
NZL,90,2025,262579,4207517
NZL,ZZ,2025,22204153,11593055
KHM,40,2025,1010,77645643
KHM,61,2025,0,34872956
KHM,62,2025,0,20782052
KHM,64,2025,88770,15933701
KHM,02,2025,11330708,0
KHM,41,2025,10312100,4043
KHM,87,2025,5126033,2353901
KHM,42,2025,0,6818761
KHM,95,2025,0,4636033
KHM,44,2025,3577065,0
KHM,85,2025,5988,2830838
KHM,24,2025,2528425,0
KHM,ZZ,2025,2489061,2892583
SLV,47,2025,39069412,0
SLV,84,2025,31143610,881
SLV,10,2025,23651618,0
SLV,87,2025,18201938,0
SLV,21,2025,13424012,1689
SLV,94,2025,6488525,674789
SLV,48,2025,5785996,0
SLV,85,2025,3895064,1586201
SLV,64,2025,4609757,0
SLV,39,2025,3495002,647922
SLV,17,2025,3937152,0
SLV,73,2025,3835213,664
SLV,ZZ,2025,30358215,7991701
HND,84,2025,57991489,159548
HND,85,2025,12420786,4342069
HND,76,2025,1149983,13799649
HND,87,2025,12081095,0
HND,12,2025,7718248,1397990
HND,48,2025,9048655,0
HND,69,2025,6949556,0
HND,44,2025,6659173,0
HND,38,2025,4171326,1104840
HND,94,2025,4429735,1725
HND,73,2025,4103583,597
HND,90,2025,3507535,52558
HND,ZZ,2025,40224965,5477162
LKA,17,2025,73637044,0
LKA,40,2025,7079354,36642718
LKA,62,2025,0,18680427
LKA,61,2025,0,18414581
LKA,48,2025,6444585,4988
LKA,84,2025,1288695,4798931
LKA,85,2025,53769,2968735
LKA,25,2025,2167702,0
LKA,95,2025,0,1773097
LKA,02,2025,1743982,0
LKA,90,2025,30183,1621819
LKA,38,2025,5023,1309601
LKA,ZZ,2025,5900724,3796082
UZB,87,2025,73959130,46516
UZB,31,2025,0,52690659
UZB,84,2025,14931698,0
UZB,83,2025,7749665,0
UZB,85,2025,7519036,42235
UZB,08,2025,0,7439814
UZB,52,2025,0,3632778
UZB,39,2025,3246736,193746
UZB,73,2025,3281851,260
UZB,02,2025,2428653,0
UZB,24,2025,2386312,0
UZB,30,2025,667998,0
UZB,ZZ,2025,2963886,434383
TKM,31,2025,0,109325234
TKM,25,2025,0,46237404
TKM,02,2025,18319307,0
TKM,27,2025,0,6648618
TKM,28,2025,0,296750
TKM,36,2025,223593,0
TKM,84,2025,112642,0
TKM,30,2025,55073,0
TKM,88,2025,37210,0
TKM,90,2025,23930,0
TKM,76,2025,3325,0
TKM,56,2025,2810,0
TKM,ZZ,2025,1185,767
NIC,10,2025,55635169,0
NIC,84,2025,39476325,21600
NIC,87,2025,20184193,0
NIC,12,2025,7650249,0
NIC,85,2025,5251219,244320
NIC,94,2025,2843840,0
NIC,24,2025,1417252,551102
NIC,90,2025,1766747,234
NIC,76,2025,293742,1401871
NIC,48,2025,1653044,0
NIC,64,2025,1605040,0
NIC,38,2025,1476382,115200
NIC,ZZ,2025,16149994,423061
EST,09,2025,46092481,314
EST,21,2025,29943879,137566
EST,85,2025,1725656,14925555
EST,28,2025,10446799,0
EST,87,2025,2115,9287069
EST,29,2025,0,8389501
EST,90,2025,180271,7919807
EST,44,2025,6536824,5149
EST,84,2025,178362,4615552
EST,76,2025,2269894,760938
EST,40,2025,900,2407075
EST,30,2025,1989123,83993
EST,ZZ,2025,2973093,6948321
UKR,30,2025,512874,59721108
UKR,84,2025,29792323,861261
UKR,85,2025,222075,15100078
UKR,12,2025,11194532,381805
UKR,09,2025,8981819,45
UKR,05,2025,4892810,0
UKR,24,2025,4245477,0
UKR,48,2025,3624,2798059
UKR,02,2025,2724576,0
UKR,39,2025,177179,2326793
UKR,73,2025,15476,2196869
UKR,33,2025,1762789,40209
UKR,ZZ,2025,6998389,2780574
COG,02,2025,89828728,0
COG,84,2025,20094479,1077
COG,17,2025,10874813,0
COG,16,2025,7439401,0
COG,22,2025,6913325,0
COG,03,2025,4883865,0
COG,85,2025,4515053,8938
COG,94,2025,2885133,0
COG,29,2025,1040235,0
COG,28,2025,5065,985548
COG,48,2025,969685,0
COG,39,2025,852929,0
COG,ZZ,2025,5857751,23508
LUX,88,2025,37269438,0
LUX,84,2025,4723535,23160903
LUX,27,2025,18088629,681
LUX,73,2025,5259815,5957594
LUX,40,2025,269779,10697117
LUX,39,2025,1869888,8037101
LUX,72,2025,8118891,420064
LUX,90,2025,925740,4977186
LUX,85,2025,471421,3771560
LUX,59,2025,108,3747661
LUX,87,2025,285,2346925
LUX,28,2025,1704604,430080
LUX,ZZ,2025,3799687,6909562
GMB,17,2025,73386913,0
GMB,10,2025,35882036,0
GMB,02,2025,22219815,0
GMB,19,2025,4517874,0
GMB,16,2025,3124209,0
GMB,44,2025,2082769,0
GMB,63,2025,1397724,0
GMB,32,2025,1392181,0
GMB,27,2025,555841,0
GMB,09,2025,540706,0
GMB,48,2025,412024,0
GMB,18,2025,308275,0
GMB,ZZ,2025,650130,13594
LVA,09,2025,56634714,0
LVA,27,2025,390106,18591567
LVA,17,2025,10651048,0
LVA,15,2025,8294103,0
LVA,84,2025,983086,5765144
LVA,93,2025,6619000,0
LVA,85,2025,31937,6086288
LVA,44,2025,5207176,14611
LVA,26,2025,3709552,0
LVA,81,2025,0,3069494
LVA,72,2025,377946,2469629
LVA,87,2025,162985,1332107
LVA,ZZ,2025,5444165,4344217
BEN,17,2025,90099983,0
BEN,02,2025,34194343,0
BEN,16,2025,6214069,0
BEN,93,2025,2250100,0
BEN,22,2025,803493,0
BEN,30,2025,450090,0
BEN,48,2025,424068,0
BEN,03,2025,377611,0
BEN,87,2025,30798,268862
BEN,70,2025,2645,221381
BEN,88,2025,170674,0
BEN,84,2025,98584,300
BEN,ZZ,2025,589467,42464
HRV,17,2025,43115370,0
HRV,09,2025,30701305,0
HRV,84,2025,1045288,11467199
HRV,30,2025,5689,10433118
HRV,24,2025,8087501,0
HRV,48,2025,3003819,1368037
HRV,39,2025,150424,3697331
HRV,85,2025,813569,1823440
HRV,35,2025,2593369,0
HRV,29,2025,689343,1334763
HRV,27,2025,1903686,0
HRV,64,2025,1622154,57301
HRV,ZZ,2025,2748419,5463969
LTU,31,2025,0,27571116
LTU,85,2025,633418,16147927
LTU,09,2025,14456979,0
LTU,90,2025,1158405,9960412
LTU,27,2025,297008,8255102
LTU,84,2025,2094572,5594824
LTU,38,2025,59,4421232
LTU,02,2025,3379130,0
LTU,39,2025,11819,3214239
LTU,33,2025,3065595,0
LTU,24,2025,2583053,4791
LTU,48,2025,2114789,23253
LTU,ZZ,2025,12025613,10943954
ALB,02,2025,108848084,0
ALB,09,2025,10424692,99020
ALB,17,2025,1338013,0
ALB,72,2025,8879,1049264
ALB,15,2025,865714,0
ALB,44,2025,820019,157
ALB,12,2025,617568,31776
ALB,05,2025,597720,0
ALB,48,2025,411217,108149
ALB,62,2025,1029,445883
ALB,87,2025,35459,266944
ALB,84,2025,48251,215718
ALB,ZZ,2025,999107,416492
SRB,02,2025,31691803,0
SRB,85,2025,347257,16122745
SRB,21,2025,14027324,311302
SRB,24,2025,11739532,8195
SRB,39,2025,498112,9944973
SRB,40,2025,2191,9847458
SRB,84,2025,1518525,7861609
SRB,90,2025,298879,4016238
SRB,87,2025,64299,3509024
SRB,23,2025,0,2785019
SRB,28,2025,20755,1620967
SRB,64,2025,1330183,0
SRB,ZZ,2025,4195136,4693737
SOM,17,2025,120287119,0
SOM,02,2025,5292122,0
SOM,21,2025,296578,0
SOM,33,2025,141167,2699
SOM,87,2025,56649,0
SOM,16,2025,10203,0
SOM,03,2025,0,4216
SOM,26,2025,4030,0
SOM,63,2025,2700,0
SOM,40,2025,0,108
SOM,97,2025,0,72
SOM,39,2025,0,11
KEN,87,2025,36105306,800
KEN,17,2025,29797391,0
KEN,10,2025,14611725,0
KEN,84,2025,14113975,67810
KEN,02,2025,5132008,0
KEN,21,2025,2500808,426084
KEN,39,2025,2918134,373
KEN,85,2025,2528075,1390
KEN,29,2025,2244313,0
KEN,48,2025,2033893,0
KEN,72,2025,1830049,0
KEN,38,2025,1352977,0
KEN,ZZ,2025,7577012,1052113
JAM,44,2025,26452701,0
JAM,16,2025,12575781,0
JAM,84,2025,10271678,18087
JAM,48,2025,8783164,0
JAM,69,2025,8311037,0
JAM,22,2025,3905487,0
JAM,23,2025,3051841,0
JAM,72,2025,2379845,0
JAM,21,2025,2104077,0
JAM,20,2025,1976338,45000
JAM,85,2025,1766043,127703
JAM,73,2025,1752535,0
JAM,ZZ,2025,15041860,134609
GNQ,27,2025,11067,37347241
GNQ,02,2025,30212679,0
GNQ,17,2025,3225975,0
GNQ,16,2025,2613147,0
GNQ,73,2025,2583808,0
GNQ,22,2025,2327213,0
GNQ,25,2025,0,1544321
GNQ,19,2025,842101,0
GNQ,94,2025,263074,0
GNQ,68,2025,240635,0
GNQ,03,2025,234538,0
GNQ,85,2025,171165,0
GNQ,ZZ,2025,510201,5
HTI,02,2025,24092218,0
HTI,16,2025,12108930,0
HTI,22,2025,7615476,0
HTI,44,2025,7300300,0
HTI,19,2025,3834625,0
HTI,17,2025,3027303,0
HTI,69,2025,2928217,0
HTI,29,2025,2225092,0
HTI,87,2025,1601429,141
HTI,84,2025,1232784,0
HTI,55,2025,1038769,0
HTI,74,2025,0,712229
HTI,ZZ,2025,3797093,622063
ARM,24,2025,42693456,0
ARM,72,2025,0,11704115
ARM,26,2025,0,4644837
ARM,02,2025,2883275,0
ARM,09,2025,1773962,0
ARM,44,2025,533651,0
ARM,30,2025,501077,0
ARM,85,2025,465412,3308
ARM,94,2025,325865,0
ARM,62,2025,0,237064
ARM,84,2025,228337,4144
ARM,12,2025,197354,0
ARM,ZZ,2025,415192,30137
CYP,27,2025,43170408,0
CYP,09,2025,7318003,0
CYP,20,2025,4313065,0
CYP,84,2025,125038,1738191
CYP,02,2025,1050512,0
CYP,64,2025,827289,0
CYP,85,2025,72181,703124
CYP,48,2025,740814,0
CYP,21,2025,620478,0
CYP,73,2025,603012,4844
CYP,44,2025,591860,0
CYP,29,2025,136919,243183
CYP,ZZ,2025,2690562,439335
MNE,09,2025,41494647,0
MNE,02,2025,9628800,0
MNE,24,2025,6294483,0
MNE,17,2025,885365,0
MNE,84,2025,657004,8150
MNE,87,2025,103105,153
MNE,69,2025,80219,0
MNE,22,2025,0,68388
MNE,70,2025,66789,0
MNE,85,2025,49586,6993
MNE,33,2025,18374,0
MNE,39,2025,17643,239
MNE,ZZ,2025,78068,13396
SLE,02,2025,19646325,0
SLE,16,2025,13881340,0
SLE,19,2025,8432777,0
SLE,10,2025,8378974,0
SLE,17,2025,3898352,0
SLE,04,2025,1162744,0
SLE,27,2025,419336,0
SLE,23,2025,284780,0
SLE,22,2025,254037,0
SLE,84,2025,223891,8258
SLE,87,2025,160000,57807
SLE,05,2025,146495,0
SLE,ZZ,2025,546257,24953
SUR,02,2025,8440552,0
SUR,73,2025,7871715,12
SUR,84,2025,6190468,2099
SUR,16,2025,5409002,0
SUR,85,2025,2686448,4400
SUR,15,2025,2166192,0
SUR,69,2025,2080711,0
SUR,23,2025,2055177,0
SUR,19,2025,2012979,0
SUR,21,2025,1525937,0
SUR,39,2025,1266139,0
SUR,94,2025,1103656,0
SUR,ZZ,2025,12058855,13300
MOZ,02,2025,21924260,0
MOZ,24,2025,0,8544202
MOZ,84,2025,4620996,0
MOZ,12,2025,2219972,0
MOZ,33,2025,2144395,0
MOZ,94,2025,1532466,0
MOZ,93,2025,1287935,0
MOZ,30,2025,1270098,1
MOZ,64,2025,1060259,0
MOZ,19,2025,760992,0
MOZ,29,2025,671408,0
MOZ,49,2025,604184,0
MOZ,ZZ,2025,4538630,985612
MMR,02,2025,23568730,0
MMR,21,2025,12378941,0
MMR,64,2025,711002,5083509
MMR,62,2025,0,4119775
MMR,42,2025,532,2492202
MMR,23,2025,1041639,0
MMR,05,2025,742215,0
MMR,61,2025,518,641371
MMR,96,2025,0,627890
MMR,85,2025,363,259352
MMR,46,2025,0,165748
MMR,39,2025,43936,398
MMR,ZZ,2025,104998,36231
TZA,17,2025,15828855,0
TZA,02,2025,10741892,0
TZA,84,2025,7506733,19745
TZA,87,2025,3486683,0
TZA,16,2025,2002011,0
TZA,55,2025,1710196,0
TZA,12,2025,781903,421079
TZA,29,2025,1201774,0
TZA,40,2025,801598,0
TZA,27,2025,711407,0
TZA,24,2025,2159,708517
TZA,94,2025,579391,0
TZA,ZZ,2025,2447402,122005
MKD,02,2025,14888786,0
MKD,38,2025,0,14440323
MKD,87,2025,0,4434842
MKD,24,2025,1282842,2089095
MKD,85,2025,0,2956486
MKD,12,2025,1396741,1203
MKD,64,2025,751851,0
MKD,84,2025,44262,629265
MKD,16,2025,625460,0
MKD,27,2025,367523,0
MKD,06,2025,0,229855
MKD,82,2025,142554,0
MKD,ZZ,2025,230941,335766
LAO,02,2025,20411776,0
LAO,31,2025,0,11768998
LAO,85,2025,0,3307879
LAO,95,2025,0,1681547
LAO,64,2025,0,1640853
LAO,90,2025,0,1261951
LAO,24,2025,1225630,0
LAO,29,2025,0,831191
LAO,65,2025,0,288972
LAO,61,2025,0,257789
LAO,12,2025,32673,0
LAO,84,2025,18472,5869
LAO,ZZ,2025,3600,16105
SYR,09,2025,23060238,243266
SYR,17,2025,8818388,0
SYR,02,2025,4231748,0
SYR,12,2025,1588475,0
SYR,38,2025,466007,0
SYR,16,2025,75259,0
SYR,70,2025,74166,0
SYR,07,2025,0,45216
SYR,82,2025,43912,0
SYR,85,2025,0,38530
SYR,15,2025,38140,0
SYR,48,2025,35301,0
SYR,ZZ,2025,173483,6021
BRN,29,2025,0,32956459
BRN,16,2025,429365,0
BRN,21,2025,143062,0
BRN,64,2025,113679,0
BRN,85,2025,66804,3593
BRN,90,2025,2425,58818
BRN,76,2025,46558,0
BRN,20,2025,32113,0
BRN,84,2025,22344,1463
BRN,23,2025,20131,0
BRN,68,2025,10962,0
BRN,42,2025,1253,8586
BRN,ZZ,2025,12411,0
ETH,27,2025,27497357,0
ETH,84,2025,2282313,804
ETH,61,2025,0,962500
ETH,12,2025,465720,0
ETH,87,2025,335961,0
ETH,01,2025,218595,0
ETH,62,2025,0,206432
ETH,33,2025,82416,0
ETH,63,2025,63047,0
ETH,28,2025,41585,0
ETH,90,2025,29041,45
ETH,85,2025,16194,1287
ETH,ZZ,2025,35599,6736
NAM,02,2025,17275671,0
NAM,73,2025,6470222,8252
NAM,84,2025,2147913,959
NAM,25,2025,0,1198333
NAM,62,2025,562558,0
NAM,85,2025,174687,1525
NAM,65,2025,130078,0
NAM,17,2025,125134,0
NAM,94,2025,116126,0
NAM,61,2025,115555,0
NAM,44,2025,103513,0
NAM,05,2025,86918,0
NAM,ZZ,2025,448618,24226
AZE,02,2025,14176131,0
AZE,24,2025,7578456,0
AZE,12,2025,2071344,3352
AZE,38,2025,35,726278
AZE,84,2025,525277,16113
AZE,33,2025,477127,0
AZE,09,2025,334123,0
AZE,30,2025,320515,0
AZE,90,2025,305700,0
AZE,85,2025,263548,0
AZE,97,2025,249930,0
AZE,07,2025,220494,0
AZE,ZZ,2025,451545,15727
BIH,02,2025,8668506,0
BIH,84,2025,274799,6450189
BIH,87,2025,5993,2087979
BIH,68,2025,801503,0
BIH,64,2025,285152,508921
BIH,85,2025,144144,601690
BIH,39,2025,246757,270849
BIH,73,2025,174201,264327
BIH,62,2025,1441,421047
BIH,09,2025,371840,0
BIH,70,2025,308518,1629
BIH,82,2025,248056,4551
BIH,ZZ,2025,340687,657516
DJI,17,2025,14151381,0
DJI,02,2025,4806728,0
DJI,84,2025,1103039,0
DJI,09,2025,430455,0
DJI,21,2025,124708,0
DJI,63,2025,106604,0
DJI,16,2025,70395,0
DJI,32,2025,38885,0
DJI,27,2025,20142,0
DJI,19,2025,18337,0
DJI,85,2025,9866,0
DJI,38,2025,6503,0
DJI,ZZ,2025,28337,1
MDG,17,2025,9876827,0
MDG,26,2025,0,2197648
MDG,33,2025,42418,875103
MDG,29,2025,0,690019
MDG,87,2025,629432,0
MDG,84,2025,514029,41520
MDG,61,2025,0,461948
MDG,42,2025,0,389161
MDG,69,2025,383115,0
MDG,62,2025,0,335688
MDG,94,2025,334170,0
MDG,40,2025,286181,0
MDG,ZZ,2025,500671,608663
TCD,02,2025,15756523,0
TCD,19,2025,476294,0
TCD,93,2025,163010,0
TCD,84,2025,73325,6168
TCD,73,2025,678,69444
TCD,18,2025,49749,0
TCD,16,2025,45479,0
TCD,71,2025,17891,0
TCD,27,2025,8168,0
TCD,42,2025,6280,0
TCD,72,2025,1832,0
TCD,26,2025,0,1291
TCD,ZZ,2025,0,813
BLZ,20,2025,3471302,0
BLZ,84,2025,2114474,1326
BLZ,44,2025,1398663,0
BLZ,12,2025,1249416,0
BLZ,16,2025,1046507,0
BLZ,27,2025,877718,0
BLZ,85,2025,629731,1535
BLZ,39,2025,512967,90218
BLZ,69,2025,482363,0
BLZ,87,2025,288569,55
BLZ,23,2025,218138,0
BLZ,68,2025,217910,0
BLZ,ZZ,2025,1377804,193215
BLR,12,2025,5676832,0
BLR,31,2025,6752,3538214
BLR,84,2025,172530,574705
BLR,08,2025,688293,0
BLR,82,2025,103868,562823
BLR,72,2025,513625,0
BLR,90,2025,112119,309182
BLR,09,2025,410395,0
BLR,05,2025,293379,0
BLR,28,2025,182587,0
BLR,53,2025,0,150683
BLR,30,2025,129739,0
BLR,ZZ,2025,517435,98573
NCL,02,2025,11695693,0
NCL,40,2025,330936,140
NCL,64,2025,311801,0
NCL,16,2025,209661,0
NCL,85,2025,95602,0
NCL,44,2025,71190,0
NCL,33,2025,10133,46722
NCL,30,2025,50111,0
NCL,12,2025,47780,0
NCL,82,2025,47640,0
NCL,73,2025,35987,0
NCL,84,2025,21273,66
NCL,ZZ,2025,78461,0
TLS,02,2025,6579045,0
TLS,16,2025,4955309,0
TLS,84,2025,101916,0
TLS,82,2025,10161,0
TLS,49,2025,6542,0
TLS,76,2025,4778,0
TLS,85,2025,1517,2763
TLS,39,2025,3801,0
TLS,94,2025,1760,0
TLS,87,2025,1116,0
TLS,73,2025,1097,0
TLS,96,2025,312,0
TLS,ZZ,2025,241,0
BFA,93,2025,4305624,0
BFA,87,2025,2869570,0
BFA,28,2025,728208,0
BFA,27,2025,685419,0
BFA,17,2025,556138,0
BFA,09,2025,526962,0
BFA,32,2025,0,493520
BFA,84,2025,247109,0
BFA,85,2025,92657,176
BFA,48,2025,88153,0
BFA,90,2025,78861,0
BFA,02,2025,76500,0
BFA,ZZ,2025,202068,56928
UGA,84,2025,5907312,3395
UGA,48,2025,1086281,0
UGA,32,2025,351294,0
UGA,12,2025,299983,0
UGA,10,2025,245554,0
UGA,21,2025,199222,0
UGA,30,2025,155722,0
UGA,33,2025,136688,0
UGA,93,2025,135000,0
UGA,05,2025,105235,0
UGA,29,2025,73030,0
UGA,38,2025,60847,0
UGA,ZZ,2025,241451,55183
MDA,39,2025,3068,4208527
MDA,85,2025,3644,1414926
MDA,84,2025,531782,3620
MDA,12,2025,317832,0
MDA,33,2025,171064,146319
MDA,62,2025,0,303541
MDA,61,2025,0,289371
MDA,22,2025,1038,142181
MDA,82,2025,130424,0
MDA,90,2025,123316,165
MDA,42,2025,0,112719
MDA,20,2025,47980,0
MDA,ZZ,2025,71664,23501
ZMB,84,2025,4424936,1254
ZMB,94,2025,563304,0
ZMB,73,2025,524983,663
ZMB,24,2025,0,403704
ZMB,29,2025,292840,0
ZMB,85,2025,282560,2530
ZMB,93,2025,282093,0
ZMB,64,2025,236028,0
ZMB,87,2025,160393,0
ZMB,40,2025,86611,0
ZMB,02,2025,68342,0
ZMB,90,2025,36275,4065
ZMB,ZZ,2025,121058,11800
ZWE,84,2025,2614337,1746
ZWE,24,2025,0,1701516
ZWE,28,2025,1671261,0
ZWE,07,2025,318754,0
ZWE,48,2025,138320,11
ZWE,38,2025,120903,0
ZWE,10,2025,119158,0
ZWE,39,2025,96635,28
ZWE,41,2025,0,77460
ZWE,12,2025,0,68288
ZWE,29,2025,66421,0
ZWE,40,2025,56905,117
ZWE,ZZ,2025,191963,38402
MWI,24,2025,0,3749130
MWI,02,2025,1798759,0
MWI,84,2025,741485,4328
MWI,74,2025,126912,0
MWI,12,2025,105139,0
MWI,27,2025,63982,0
MWI,16,2025,39570,0
MWI,29,2025,20179,0
MWI,85,2025,3092,5267
MWI,82,2025,7999,0
MWI,40,2025,7670,0
MWI,90,2025,159,6783
MWI,ZZ,2025,25333,3032
CAF,02,2025,4480980,0
CAF,28,2025,1501545,0
CAF,17,2025,400684,0
CAF,84,2025,328,54722
CAF,03,2025,24575,0
CAF,21,2025,10058,0
CAF,40,2025,7167,0
CAF,16,2025,5813,0
CAF,87,2025,0,4919
CAF,69,2025,4905,0
CAF,71,2025,80,1385
CAF,63,2025,1003,0
CAF,ZZ,2025,25,593
GNB,02,2025,1704528,0
GNB,17,2025,1001684,0
GNB,16,2025,545645,0
GNB,27,2025,462004,0
GNB,08,2025,2607,426257
GNB,19,2025,281015,0
GNB,64,2025,251370,0
GNB,22,2025,176243,0
GNB,61,2025,125425,0
GNB,30,2025,95181,0
GNB,49,2025,79250,0
GNB,12,2025,52054,0
GNB,ZZ,2025,183243,691
MNG,40,2025,1690225,0
MNG,84,2025,817932,693
MNG,18,2025,543208,0
MNG,29,2025,0,349231
MNG,30,2025,344546,0
MNG,17,2025,273667,0
MNG,55,2025,0,224704
MNG,28,2025,274,187600
MNG,20,2025,124647,0
MNG,85,2025,5292,104928
MNG,23,2025,93312,0
MNG,82,2025,52022,0
MNG,ZZ,2025,146467,68027
PNG,02,2025,1438029,0
PNG,82,2025,1293757,0
PNG,93,2025,618800,0
PNG,84,2025,462108,50
PNG,40,2025,153732,0
PNG,76,2025,151495,0
PNG,09,2025,0,81672
PNG,94,2025,59264,0
PNG,73,2025,32863,0
PNG,27,2025,26475,0
PNG,39,2025,17843,0
PNG,17,2025,17717,0
PNG,ZZ,2025,23310,0
AFG,21,2025,704997,0
AFG,23,2025,531606,0
AFG,84,2025,386794,127158
AFG,29,2025,0,407625
AFG,09,2025,344200,0
AFG,04,2025,335692,0
AFG,86,2025,265000,0
AFG,87,2025,183391,5908
AFG,30,2025,159319,0
AFG,82,2025,0,122447
AFG,17,2025,106953,0
AFG,57,2025,0,104892
AFG,ZZ,2025,196421,176729
KGZ,27,2025,0,3059857
KGZ,84,2025,260174,2084
KGZ,90,2025,141264,2975
KGZ,01,2025,69840,0
KGZ,94,2025,41805,0
KGZ,87,2025,30318,0
KGZ,85,2025,0,5649
KGZ,25,2025,4050,0
KGZ,64,2025,3620,0
KGZ,39,2025,109,1251
KGZ,30,2025,1225,0
KGZ,35,2025,900,0
KGZ,ZZ,2025,63,1309
LSO,52,2025,3455869,0
LSO,93,2025,27280,0
LSO,84,2025,0,5466
LSO,64,2025,3545,0
LSO,85,2025,0,860
LSO,42,2025,401,0
LSO,24,2025,303,0
LSO,22,2025,228,0
LSO,18,2025,86,0
LSO,08,2025,72,0
LSO,09,2025,65,0
LSO,20,2025,29,0
LSO,ZZ,2025,20,0
NPL,10,2025,1315239,0
NPL,07,2025,811388,0
NPL,84,2025,218062,71679
NPL,13,2025,186319,0
NPL,57,2025,0,139426
NPL,30,2025,110291,612
NPL,33,2025,44930,60
NPL,48,2025,38718,104
NPL,23,2025,30667,4635
NPL,90,2025,34445,0
NPL,29,2025,31077,0
NPL,63,2025,0,27708
NPL,ZZ,2025,41524,39688
NER,28,2025,1169545,0
NER,02,2025,603111,0
NER,19,2025,559368,0
NER,16,2025,332106,0
NER,85,2025,119689,829
NER,39,2025,55811,15819
NER,41,2025,52784,0
NER,84,2025,27629,0
NER,64,2025,25012,0
NER,81,2025,0,15000
NER,33,2025,5104,0
NER,32,2025,4700,0
NER,ZZ,2025,8177,2615
VUT,02,2025,1869243,0
VUT,16,2025,541496,0
VUT,27,2025,242326,0
VUT,15,2025,14018,0
VUT,90,2025,71,5689
VUT,07,2025,2610,0
VUT,22,2025,1817,0
VUT,04,2025,1792,0
VUT,82,2025,1252,0
VUT,08,2025,1022,0
VUT,19,2025,868,0
VUT,21,2025,771,0
VUT,ZZ,2025,2862,292
BWA,84,2025,1395711,376523
BWA,87,2025,1025,193802
BWA,40,2025,762,127719
BWA,90,2025,982,78830
BWA,17,2025,74338,0
BWA,64,2025,50843,0
BWA,05,2025,39233,0
BWA,73,2025,32049,7027
BWA,71,2025,0,31497
BWA,39,2025,12053,6700
BWA,85,2025,549,8609
BWA,27,2025,4923,0
BWA,ZZ,2025,8740,2030
RWA,12,2025,806000,0
RWA,23,2025,452792,0
RWA,87,2025,223500,0
RWA,84,2025,169684,0
RWA,21,2025,138187,0
RWA,02,2025,131114,0
RWA,48,2025,89835,0
RWA,30,2025,33836,0
RWA,05,2025,20590,0
RWA,90,2025,13628,0
RWA,85,2025,3822,6772
RWA,64,2025,9022,0
RWA,ZZ,2025,9737,0
BTN,85,2025,0,737874
BTN,17,2025,462033,0
BTN,02,2025,439517,0
BTN,30,2025,235707,0
BTN,84,2025,0,39
MLI,19,2025,1100102,0
MLI,17,2025,252436,0
MLI,09,2025,165250,0
MLI,85,2025,61027,455
MLI,18,2025,48960,0
MLI,03,2025,47040,0
MLI,87,2025,7440,0
MLI,27,2025,7429,0
MLI,12,2025,4860,0
MLI,40,2025,4792,0
MLI,90,2025,3552,673
MLI,84,2025,3590,168
MLI,ZZ,2025,7460,2767
SDN,84,2025,659333,0
SDN,30,2025,326426,0
SDN,13,2025,0,214025
SDN,40,2025,144733,0
SDN,02,2025,84614,0
SDN,35,2025,29617,0
SDN,85,2025,22678,5505
SDN,38,2025,26880,0
SDN,90,2025,8654,0
SDN,73,2025,8432,0
SDN,68,2025,2221,0
SDN,82,2025,125,0
SDN,ZZ,2025,111,0
FJI,94,2025,262554,0
FJI,64,2025,255837,0
FJI,21,2025,142432,0
FJI,17,2025,141244,0
FJI,19,2025,115327,0
FJI,20,2025,101570,0
FJI,82,2025,56286,0
FJI,27,2025,49920,0
FJI,84,2025,46034,0
FJI,23,2025,38760,0
FJI,90,2025,11641,0
FJI,85,2025,10476,0
FJI,ZZ,2025,37952,6100
BDI,93,2025,570838,0
BDI,71,2025,54530,0
BDI,76,2025,29151,0
BDI,48,2025,12280,0
BDI,87,2025,8771,0
BDI,15,2025,5893,0
BDI,39,2025,3146,0
BDI,35,2025,1784,0
BDI,69,2025,1495,0
BDI,85,2025,1428,0
BDI,63,2025,1337,0
BDI,52,2025,1287,0
BDI,ZZ,2025,968,463
TJK,30,2025,362767,0
TJK,52,2025,0,61958
TJK,62,2025,0,9609
TJK,84,2025,0,5029
TJK,32,2025,4461,0
TJK,33,2025,1486,0
TJK,82,2025,0,214
TJK,68,2025,100,0
TJK,70,2025,100,0
TJK,28,2025,48,0
SWZ,84,2025,147194,121393
SWZ,30,2025,0,44476
SWZ,17,2025,0,23245
SWZ,34,2025,0,22062
SWZ,28,2025,16496,0
SWZ,39,2025,0,13312
SWZ,85,2025,0,10692
SWZ,64,2025,7174,0
SWZ,13,2025,2444,0
SWZ,90,2025,0,792
SWZ,40,2025,0,312
SWZ,73,2025,0,307
SWZ,ZZ,2025,0,324
ERI,62,2025,0,241271
ERI,68,2025,38513,0
ERI,39,2025,0,731
ERI,90,2025,0,88
PRK,87,2025,0,163452
PRK,59,2025,0,48875
PRK,76,2025,0,34536
PRK,40,2025,0,24153
PRK,73,2025,0,4883
PRK,02,2025,127,0
PRK,90,2025,0,88
ATF,44,2025,146175,0
ATF,68,2025,5088,0
ATF,94,2025,4849,0
ATF,28,2025,0,3568
ATF,39,2025,2334,0
ATF,85,2025,1944,0
ATF,70,2025,299,0
ATF,61,2025,113,0
ATF,97,2025,81,0
ATF,73,2025,0,38
ATF,84,2025,0,28
SLB,16,2025,57446,0
SLB,17,2025,55717,0
SLB,19,2025,9080,0
SLB,21,2025,6450,0
SLB,18,2025,3896,0
SLB,24,2025,14,0
FLK,27,2025,111664,0
FLK,90,2025,12650,0
FLK,33,2025,1694,0
FLK,02,2025,1408,0
FLK,22,2025,491,0
FLK,04,2025,405,0
FLK,38,2025,319,0
FLK,07,2025,311,0
FLK,03,2025,235,0
FLK,21,2025,213,0
FLK,08,2025,202,0
FLK,16,2025,192,0
FLK,ZZ,2025,736,30
GRL,73,2025,3450,0
GRL,90,2025,723,0
